﻿<?xml version="1.0" encoding="utf-8"?>
<ParticleSaveData xmlns:xsi="http://www.w3.org/2001/XMLSchema-instance" xmlns:xsd="http://www.w3.org/2001/XMLSchema">
  <numParticles>30000</numParticles>
  <kernelName>CSParticle</kernelName>
  <CSName>CSParticle</CSName>
  <materialName>Draw Particles 1</materialName>
  <spriteName>smokepuff1</spriteName>
  <size>0.8</size>
  <color>
    <r>1</r>
    <g>0.4909091</g>
    <b>0.3</b>
    <a>0.03137255</a>
  </color>
  <scale>
    <x>1</x>
    <y>1</y>
    <z>1</z>
  </scale>
  <gravity>1</gravity>
  <deltatime>0.1</deltatime>
  <minLife>3</minLife>
  <maxLife>19.94</maxLife>
  <minSize>1</minSize>
  <maxSize>3</maxSize>
  <minVelocity>
    <x>-1</x>
    <y>-1</y>
    <z>-1</z>
  </minVelocity>
  <maxVelocity>
    <x>1</x>
    <y>1</y>
    <z>1</z>
  </maxVelocity>
  <minScaleOverLife>0.25</minScaleOverLife>
  <maxScaleOverLife>1.5</maxScaleOverLife>
  <drag>0.97</drag>
  <killOnTimer>true</killOnTimer>
  <wrap>false</wrap>
</ParticleSaveData>