﻿<?xml version="1.0" encoding="utf-8"?>
<ParticleSaveData xmlns:xsi="http://www.w3.org/2001/XMLSchema-instance" xmlns:xsd="http://www.w3.org/2001/XMLSchema">
  <numParticles>1000</numParticles>
  <kernelName>CSParticle</kernelName>
  <CSName>CSParticle</CSName>
  <materialName>Draw Particles 1</materialName>
  <spriteName>smokepuff1</spriteName>
  <size>12</size>
  <color>
    <r>1</r>
    <g>0.6</g>
    <b>0.3</b>
    <a>0.03</a>
  </color>
  <startingColour>
    <r>1</r>
    <g>0.6</g>
    <b>0.3</b>
    <a>0.03</a>
  </startingColour>
  <targetColour>
    <r>1</r>
    <g>0.6</g>
    <b>0.3</b>
    <a>0.03</a>
  </targetColour>
  <scale>
    <x>1</x>
    <y>1</y>
    <z>1</z>
  </scale>
  <gravity>2</gravity>
  <deltatime>0.01</deltatime>
  <minLife>2</minLife>
  <maxLife>8</maxLife>
  <minSize>1</minSize>
  <maxSize>6</maxSize>
  <minVelocity>
    <x>-2</x>
    <y>-2</y>
    <z>-2</z>
  </minVelocity>
  <maxVelocity>
    <x>2</x>
    <y>2</y>
    <z>2</z>
  </maxVelocity>
  <minScaleOverLife>1</minScaleOverLife>
  <maxScaleOverLife>1</maxScaleOverLife>
  <drag>0.97</drag>
  <killOnTimer>true</killOnTimer>
  <wrap>false</wrap>
</ParticleSaveData>